{"y5c":-33.750000,
"y0":0.000000,
"y1":43.140150,
"y5d":44.663400,
"y2":45.183900,
"y92":100.194150,
"y33":100.209150,
"ybf":114.104250,
"y91":118.947150,
"y32":118.962150,
"ybe":132.102000,
"y90":137.700150,
"y31":137.715150,
"y8f":156.453150,
"y30":156.468150,
"ybd":162.100800,
"y8e":175.206150,
"y2f":175.221150,
"y8d":193.959150,
"y2e":193.974150,
"y8c":212.712150,
"y2d":212.727150,
"ya0":222.939150,
"ybc":226.020600,
"y8b":231.465150,
"y2c":231.480150,
"y9f":241.320150,
"ybb":245.520600,
"y8a":250.218150,
"y2b":250.233150,
"y9e":259.701150,
"yba":265.020600,
"y58":266.568600,
"y89":268.971150,
"y2a":268.986150,
"yb9":284.520600,
"y57":284.941350,
"y88":287.724150,
"y29":287.739150,
"y56":303.314100,
"yb8":304.020600,
"y87":306.477150,
"y28":306.492150,
"y55":321.686850,
"yb7":323.520600,
"y86":325.230150,
"y27":325.245150,
"y54":340.059600,
"yb6":343.020600,
"y85":343.983150,
"y26":343.998150,
"y53":358.432350,
"yb5":362.520600,
"y84":362.736150,
"y25":362.751150,
"y52":376.805100,
"y83":381.489150,
"y24":381.504150,
"yb4":382.020600,
"y51":395.177850,
"y82":400.242150,
"y23":400.257150,
"ya6":409.408950,
"yb3":410.484600,
"y50":413.550600,
"y81":418.995150,
"y22":419.010150,
"y4f":431.923350,
"ya5":433.408950,
"y80":437.748150,
"y21":437.763150,
"y7f":456.501150,
"y20":456.516150,
"ya4":457.408950,
"y4e":468.668850,
"y7e":475.254150,
"y1f":475.269150,
"ya3":481.408950,
"y4d":487.041600,
"y7d":494.007150,
"y1e":494.022150,
"ya2":505.408950,
"y4c":505.414350,
"y7c":512.760150,
"y1d":512.775150,
"y4a":521.539350,
"y4b":523.033350,
"y49":523.789350,
"yb2":523.832100,
"ya1":529.408950,
"y7b":531.513150,
"y1c":531.528150,
"y48":539.914350,
"y5b":540.939300,
"y47":542.166600,
"yb1":547.832100,
"y7a":550.266150,
"y1b":550.281150,
"y45":558.289350,
"y5a":559.320300,
"y46":560.539350,
"y44":560.575350,
"y79":569.019150,
"y1a":569.034150,
"yb0":571.832100,
"y59":577.701300,
"y43":578.948100,
"y78":587.772150,
"y19":587.787150,
"yaf":595.832100,
"y42":597.320850,
"y77":606.525150,
"y18":606.540150,
"y41":615.693600,
"y76":625.278150,
"y17":625.293150,
"y40":634.066350,
"y75":644.031150,
"y16":644.046150,
"y3f":652.439100,
"y74":662.784150,
"y15":662.799150,
"y3e":670.811850,
"y73":681.537150,
"y14":681.552150,
"y3d":689.184600,
"y96":692.058300,
"y72":700.290150,
"y13":700.305150,
"y3c":707.557350,
"y95":710.439300,
"y71":719.043150,
"y12":719.058150,
"y3b":725.930100,
"y94":728.820300,
"y70":737.796150,
"y11":737.811150,
"y3a":744.302850,
"y93":747.201300,
"ya9":747.939150,
"y6f":756.549150,
"y10":756.564150,
"y39":762.675600,
"ya8":766.320150,
"y6e":775.302150,
"yf":775.317150,
"y38":781.048350,
"ya7":784.701150,
"y6d":794.055150,
"ye":794.070150,
"y37":799.421100,
"y6c":812.808150,
"yd":812.823150,
"y36":817.793850,
"y6b":831.561150,
"yc":831.576150,
"y35":836.166600,
"y9d":848.473800,
"y6a":850.314150,
"yb":850.329150,
"y34":854.539350,
"y69":869.067150,
"ya":869.082150,
"y9c":872.473800,
"y68":887.820150,
"yae":894.347100,
"y9b":896.473800,
"y67":906.573150,
"y9":906.588150,
"yad":918.347100,
"y9a":920.473800,
"y66":925.326150,
"y8":925.341150,
"yac":942.347100,
"y65":944.079150,
"y7":944.094150,
"y99":944.473800,
"y64":962.832150,
"y6":962.847150,
"yab":966.347100,
"y98":968.473800,
"y63":981.585150,
"y5":981.600150,
"yaa":990.347100,
"y97":992.473800,
"y62":1000.338150,
"y61":1019.091150,
"y4":1020.000000,
"y60":1037.844150,
"y3":1055.250000,
"y5f":1056.597150,
"y5e":1075.350150
}